{
  "robot0": {
    "pose": {
        "x": 8.604043248658577,
        "y": -2.840877227748777,
        "yaw": 1.00
    },
    "map_name": "L1"
  },
  "robot1": {
    "pose": {
        "x": 8.569453326594717,
        "y": -4.25380536933118,
        "yaw": 1.00
    },
    "map_name": "L1"
  },
  "robot2": {
    "pose": {
        "x": 8.647160732402282,
        "y": -5.78755840046485,
        "yaw": 1.00
    },
    "map_name": "L1"
  }
}