{
"robot0": {
    "pose": {
        "x": 2.047875625810603,
        "y":  -1.7817330593610106,
        "yaw": 1.00
    },
    "map_name": "L1"
  },
"robot1": {
    "pose": {
        "x": 2.0466831516496105,
        "y": -12.392456475288927,
        "yaw": 1.00
    },
    "map_name": "L1"
  }
}