{
  "robot0": {
    "pose": {
        "x": 18.59047530863362,
        "y": -12.252880296942182,
        "yaw": 1.00
    },
    "map_name": "L1"
  },
  "robot1": {
    "pose": {
        "x": 16.987737856660726,
        "y": -12.269242555915378,
        "yaw": 1.00
    },
    "map_name": "L1"
  },
  "robot2": {
    "pose": {
        "x": 15.319586900302037,
        "y": -12.269242555915378,
        "yaw": 1.00
    },
    "map_name": "L1"
  }
}