{
    "robot1": {
        "pose": {
            "x": 15.536666642314527,
            "y": -3.956824150953915,
            "yaw": 1.0
        },
        "map_name": "L1",
        "path":[
          {
            "name": "0_c",
            "x": 15.536666642314527,
            "y": -3.956824150953915,
            "yaw": 1.00
          },
          {
            "name": "0_b",
            "x": 15.536666642314527,
            "y": -6.5907658819385135,
            "yaw": 1.00
          }
        ]

    }
}