{
"robot0": {
    "pose": {
        "x": 3.427227039128697,
        "y":  -6.609659760785416,
        "yaw": 1.00
    },
    "map_name": "L1"
  }
}