{
"robot0": {
    "pose": {
        "x":3.427227039128697,
        "y":  -6.609659760785416,
        "yaw": 1.00
    },
    "map_name": "L1"
  },
"robot1": {
    "pose": {
        "x": 24.139981495079617,
        "y": -6.808200939020998,
        "yaw": 1.00
    },
    "map_name": "L1"
  }
}