{
"robot0": {
    "pose": {
        "x": 2.047875625810603,
        "y":  -1.7817330593610106,
        "yaw": 1.00
    },
    "map_name": "L1"
  },
"robot1": {
    "pose": {
        "x": 2.0466831516496105,
        "y": -12.392456475288927,
        "yaw": 1.00
    },
    "map_name": "L1"
  },
"robot2": {
    "pose": {
        "x": 7.353899819419558,
        "y": -1.7822188821673408,
        "yaw": 1.00
    },
    "map_name": "L1"
  },
"robot3": {
    "pose": {
        "x": 7.35045489406558,
        "y": -12.405794519608175,
        "yaw": 1.00
    },
    "map_name": "L1"
  },
"robot4": {
    "pose": {
        "x": 12.654800790707212,
        "y": -1.7776256483620376,
        "yaw": 1.00
    },
    "map_name": "L1"
  },
"robot5": {
    "pose": {
        "x": 12.652680836643228,
        "y": -12.385831618838973,
        "yaw": 1.00
    },
    "map_name": "L1"
  },
"robot6": {
    "pose": {
        "x": 17.962812441251153,
        "y": -1.786812115972644,
        "yaw": 1.00
    },
    "map_name": "L1"
  },
"robot7": {
    "pose": {
        "x": 17.961840795638494,
        "y": -12.384197487581316,
        "yaw": 1.00
    },
    "map_name": "L1"
  }
}